name,photoUrl,listingId
Favorites,https://fec-photos-beartnt.s3-us-west-1.amazonaws.com/fec_pictures/1_p1zBnv11CSx_EII8sB9Uaw.jpeg,19
Beach Homes,https://fec-photos-beartnt.s3-us-west-1.amazonaws.com/fec_pictures/Log-Cabin-Homes-Stunning-Log-Cabin.jpg,91
Weekend Getaways,https://fec-photos-beartnt.s3-us-west-1.amazonaws.com/fec_pictures/Winchester-Homes-uncategorized-2710.jpg,58
Ski Spots,https://fec-photos-beartnt.s3-us-west-1.amazonaws.com/fec_pictures/Donnas-Premier-Lodging-Cabin-Google.jpg,95
Campsites,https://fec-photos-beartnt.s3-us-west-1.amazonaws.com/fec_pictures/42beb0625d2c8673ce3d8317d495454b.jpg,45
Good Nightlife,https://fec-photos-beartnt.s3-us-west-1.amazonaws.com/fec_pictures/blueground-apartment-2-2-2.jpg,63
,https://fec-photos-beartnt.s3-us-west-1.amazonaws.com/fec_pictures/detail-EXP-header.jpg,42
,https://fec-photos-beartnt.s3-us-west-1.amazonaws.com/fec_pictures/airbnb-tips-greenwich-village-apt.jpg,100
,https://fec-photos-beartnt.s3-us-west-1.amazonaws.com/fec_pictures/detail-EXP-header.jpg,24
,https://fec-photos-beartnt.s3-us-west-1.amazonaws.com/fec_pictures/1407953244000-177513283.jpg,76
,https://fec-photos-beartnt.s3-us-west-1.amazonaws.com/fec_pictures/27514080792_6371181022_o.0.jpg,66
,https://fec-photos-beartnt.s3-us-west-1.amazonaws.com/fec_pictures/969ae4bb-efd1-4fb9-a4e3-5cb3316dd3c9.jpg,36
,https://fec-photos-beartnt.s3-us-west-1.amazonaws.com/fec_pictures/031dcb9df9b7f59febe978bf8ccdcc3d.jpg,42
,https://fec-photos-beartnt.s3-us-west-1.amazonaws.com/fec_pictures/log-cabin-master-result-standard.jpg,79
,https://fec-photos-beartnt.s3-us-west-1.amazonaws.com/fec_pictures/960x0.jpg,43
,https://fec-photos-beartnt.s3-us-west-1.amazonaws.com/fec_pictures/Villa-Homes-Photos-by-Chris-web-2.jpg,61
,https://fec-photos-beartnt.s3-us-west-1.amazonaws.com/fec_pictures/42beb0625d2c8673ce3d8317d495454b.jpg,21
,https://fec-photos-beartnt.s3-us-west-1.amazonaws.com/fec_pictures/detail-EXP-header.jpg,83
,https://fec-photos-beartnt.s3-us-west-1.amazonaws.com/fec_pictures/harman-s-luxury-log-cabins.jpg,59
,https://fec-photos-beartnt.s3-us-west-1.amazonaws.com/fec_pictures/fecc83ebe360dcf44233210ebf29f958.jpg,13
,https://fec-photos-beartnt.s3-us-west-1.amazonaws.com/fec_pictures/Donnas-Premier-Lodging-Cabin-Google.jpg,84
,https://fec-photos-beartnt.s3-us-west-1.amazonaws.com/fec_pictures/blueground-apartment-2-2-2.jpg,66
,https://fec-photos-beartnt.s3-us-west-1.amazonaws.com/fec_pictures/fecc83ebe360dcf44233210ebf29f958.jpg,48
,https://fec-photos-beartnt.s3-us-west-1.amazonaws.com/fec_pictures/Winchester-Homes-uncategorized-2710.jpg,22
,https://fec-photos-beartnt.s3-us-west-1.amazonaws.com/fec_pictures/harman-s-luxury-log-cabins.jpg,69
,https://fec-photos-beartnt.s3-us-west-1.amazonaws.com/fec_pictures/Log-Cabin-Homes-Stunning-Log-Cabin.jpg,41
,https://fec-photos-beartnt.s3-us-west-1.amazonaws.com/fec_pictures/d062d4a3c20ed27f4a8bf843a449dc68.jpg,77
,https://fec-photos-beartnt.s3-us-west-1.amazonaws.com/fec_pictures/Donnas-Premier-Lodging-Cabin-Google.jpg,20
,https://fec-photos-beartnt.s3-us-west-1.amazonaws.com/fec_pictures/log-cabin-master-result-standard.jpg,29
,https://fec-photos-beartnt.s3-us-west-1.amazonaws.com/fec_pictures/27514080792_6371181022_o.0.jpg,35
,https://fec-photos-beartnt.s3-us-west-1.amazonaws.com/fec_pictures/Villa-Homes-Photos-by-Chris-web-2.jpg,26
,https://fec-photos-beartnt.s3-us-west-1.amazonaws.com/fec_pictures/Modular-Cabin3-scaled.jpg,18
,https://fec-photos-beartnt.s3-us-west-1.amazonaws.com/fec_pictures/airbnb-tips-greenwich-village-apt.jpg,83
,https://fec-photos-beartnt.s3-us-west-1.amazonaws.com/fec_pictures/harman-s-luxury-log-cabins.jpg,52
,https://fec-photos-beartnt.s3-us-west-1.amazonaws.com/fec_pictures/969ae4bb-efd1-4fb9-a4e3-5cb3316dd3c9.jpg,89
,https://fec-photos-beartnt.s3-us-west-1.amazonaws.com/fec_pictures/969ae4bb-efd1-4fb9-a4e3-5cb3316dd3c9.jpg,95
,https://fec-photos-beartnt.s3-us-west-1.amazonaws.com/fec_pictures/1_p1zBnv11CSx_EII8sB9Uaw.jpeg,36
,https://fec-photos-beartnt.s3-us-west-1.amazonaws.com/fec_pictures/Modular-Cabin3-scaled.jpg,78
,https://fec-photos-beartnt.s3-us-west-1.amazonaws.com/fec_pictures/Log-Cabin-Homes-Stunning-Log-Cabin.jpg,73
,https://fec-photos-beartnt.s3-us-west-1.amazonaws.com/fec_pictures/d55b10d433b07982c487b40d9e27420f.jpg,21
,https://fec-photos-beartnt.s3-us-west-1.amazonaws.com/fec_pictures/1407953244000-177513283.jpg,27
,https://fec-photos-beartnt.s3-us-west-1.amazonaws.com/fec_pictures/969ae4bb-efd1-4fb9-a4e3-5cb3316dd3c9.jpg,25
,https://fec-photos-beartnt.s3-us-west-1.amazonaws.com/fec_pictures/031dcb9df9b7f59febe978bf8ccdcc3d.jpg,64
,https://fec-photos-beartnt.s3-us-west-1.amazonaws.com/fec_pictures/fecc83ebe360dcf44233210ebf29f958.jpg,92
,https://fec-photos-beartnt.s3-us-west-1.amazonaws.com/fec_pictures/detail-EXP-header.jpg,35
,https://fec-photos-beartnt.s3-us-west-1.amazonaws.com/fec_pictures/fecc83ebe360dcf44233210ebf29f958.jpg,93
,https://fec-photos-beartnt.s3-us-west-1.amazonaws.com/fec_pictures/blueground-apartment-2-2-2.jpg,55
,https://fec-photos-beartnt.s3-us-west-1.amazonaws.com/fec_pictures/log-cabin-master-result-standard.jpg,20
,https://fec-photos-beartnt.s3-us-west-1.amazonaws.com/fec_pictures/fecc83ebe360dcf44233210ebf29f958.jpg,53
,https://fec-photos-beartnt.s3-us-west-1.amazonaws.com/fec_pictures/Log-Cabin-Homes-Stunning-Log-Cabin.jpg,29
,https://fec-photos-beartnt.s3-us-west-1.amazonaws.com/fec_pictures/log-cabin-master-result-standard.jpg,46
,https://fec-photos-beartnt.s3-us-west-1.amazonaws.com/fec_pictures/Log-Cabin-Homes-Stunning-Log-Cabin.jpg,67
,https://fec-photos-beartnt.s3-us-west-1.amazonaws.com/fec_pictures/Donnas-Premier-Lodging-Cabin-Google.jpg,95
,https://fec-photos-beartnt.s3-us-west-1.amazonaws.com/fec_pictures/969ae4bb-efd1-4fb9-a4e3-5cb3316dd3c9.jpg,5
,https://fec-photos-beartnt.s3-us-west-1.amazonaws.com/fec_pictures/1_p1zBnv11CSx_EII8sB9Uaw.jpeg,40
,https://fec-photos-beartnt.s3-us-west-1.amazonaws.com/fec_pictures/Donnas-Premier-Lodging-Cabin-Google.jpg,8
,https://fec-photos-beartnt.s3-us-west-1.amazonaws.com/fec_pictures/42beb0625d2c8673ce3d8317d495454b.jpg,42
,https://fec-photos-beartnt.s3-us-west-1.amazonaws.com/fec_pictures/08cd1c223709821d4833dd004e4d35e2-p_e.jpg,67
,https://fec-photos-beartnt.s3-us-west-1.amazonaws.com/fec_pictures/Donnas-Premier-Lodging-Cabin-Google.jpg,63
,https://fec-photos-beartnt.s3-us-west-1.amazonaws.com/fec_pictures/Donnas-Premier-Lodging-Cabin-Google.jpg,33
,https://fec-photos-beartnt.s3-us-west-1.amazonaws.com/fec_pictures/log-cabin-master-result-standard.jpg,55
,https://fec-photos-beartnt.s3-us-west-1.amazonaws.com/fec_pictures/detail-EXP-header.jpg,76
,https://fec-photos-beartnt.s3-us-west-1.amazonaws.com/fec_pictures/031dcb9df9b7f59febe978bf8ccdcc3d.jpg,70
,https://fec-photos-beartnt.s3-us-west-1.amazonaws.com/fec_pictures/Villa-Homes-Photos-by-Chris-web-2.jpg,43
,https://fec-photos-beartnt.s3-us-west-1.amazonaws.com/fec_pictures/harman-s-luxury-log-cabins.jpg,96
,https://fec-photos-beartnt.s3-us-west-1.amazonaws.com/fec_pictures/Winchester-Homes-uncategorized-2710.jpg,85
,https://fec-photos-beartnt.s3-us-west-1.amazonaws.com/fec_pictures/969ae4bb-efd1-4fb9-a4e3-5cb3316dd3c9.jpg,34
,https://fec-photos-beartnt.s3-us-west-1.amazonaws.com/fec_pictures/27514080792_6371181022_o.0.jpg,85
,https://fec-photos-beartnt.s3-us-west-1.amazonaws.com/fec_pictures/detail-EXP-header.jpg,12
,https://fec-photos-beartnt.s3-us-west-1.amazonaws.com/fec_pictures/Villa-Homes-Photos-by-Chris-web-2.jpg,52
,https://fec-photos-beartnt.s3-us-west-1.amazonaws.com/fec_pictures/d55b10d433b07982c487b40d9e27420f.jpg,24
,https://fec-photos-beartnt.s3-us-west-1.amazonaws.com/fec_pictures/harman-s-luxury-log-cabins.jpg,50
,https://fec-photos-beartnt.s3-us-west-1.amazonaws.com/fec_pictures/27514080792_6371181022_o.0.jpg,82
,https://fec-photos-beartnt.s3-us-west-1.amazonaws.com/fec_pictures/Log-Cabin-Homes-Stunning-Log-Cabin.jpg,100
,https://fec-photos-beartnt.s3-us-west-1.amazonaws.com/fec_pictures/969ae4bb-efd1-4fb9-a4e3-5cb3316dd3c9.jpg,30
,https://fec-photos-beartnt.s3-us-west-1.amazonaws.com/fec_pictures/08cd1c223709821d4833dd004e4d35e2-p_e.jpg,10
,https://fec-photos-beartnt.s3-us-west-1.amazonaws.com/fec_pictures/42beb0625d2c8673ce3d8317d495454b.jpg,100
,https://fec-photos-beartnt.s3-us-west-1.amazonaws.com/fec_pictures/log-cabin-master-result-standard.jpg,82
,https://fec-photos-beartnt.s3-us-west-1.amazonaws.com/fec_pictures/Villa-Homes-Photos-by-Chris-web-2.jpg,62
,https://fec-photos-beartnt.s3-us-west-1.amazonaws.com/fec_pictures/1_p1zBnv11CSx_EII8sB9Uaw.jpeg,36
,https://fec-photos-beartnt.s3-us-west-1.amazonaws.com/fec_pictures/Airbnb-rental-tips.-Hostmaker-1-620x349.jpg,3
,https://fec-photos-beartnt.s3-us-west-1.amazonaws.com/fec_pictures/Winchester-Homes-uncategorized-2710.jpg,6
,https://fec-photos-beartnt.s3-us-west-1.amazonaws.com/fec_pictures/blueground-apartment-2-2-2.jpg,33
,https://fec-photos-beartnt.s3-us-west-1.amazonaws.com/fec_pictures/blueground-apartment-2-2-2.jpg,37
,https://fec-photos-beartnt.s3-us-west-1.amazonaws.com/fec_pictures/detail-EXP-header.jpg,81
,https://fec-photos-beartnt.s3-us-west-1.amazonaws.com/fec_pictures/fecc83ebe360dcf44233210ebf29f958.jpg,76
,https://fec-photos-beartnt.s3-us-west-1.amazonaws.com/fec_pictures/log-cabin-master-result-standard.jpg,30
,https://fec-photos-beartnt.s3-us-west-1.amazonaws.com/fec_pictures/08cd1c223709821d4833dd004e4d35e2-p_e.jpg,37
,https://fec-photos-beartnt.s3-us-west-1.amazonaws.com/fec_pictures/1_p1zBnv11CSx_EII8sB9Uaw.jpeg,56
,https://fec-photos-beartnt.s3-us-west-1.amazonaws.com/fec_pictures/1_p1zBnv11CSx_EII8sB9Uaw.jpeg,64
,https://fec-photos-beartnt.s3-us-west-1.amazonaws.com/fec_pictures/fecc83ebe360dcf44233210ebf29f958.jpg,80
,https://fec-photos-beartnt.s3-us-west-1.amazonaws.com/fec_pictures/log-cabin-master-result-standard.jpg,35
,https://fec-photos-beartnt.s3-us-west-1.amazonaws.com/fec_pictures/Modular-Cabin3-scaled.jpg,48
,https://fec-photos-beartnt.s3-us-west-1.amazonaws.com/fec_pictures/log-cabin-master-result-standard.jpg,83
,https://fec-photos-beartnt.s3-us-west-1.amazonaws.com/fec_pictures/Modular-Cabin3-scaled.jpg,6
,https://fec-photos-beartnt.s3-us-west-1.amazonaws.com/fec_pictures/1407953244000-177513283.jpg,42
,https://fec-photos-beartnt.s3-us-west-1.amazonaws.com/fec_pictures/031dcb9df9b7f59febe978bf8ccdcc3d.jpg,42
,https://fec-photos-beartnt.s3-us-west-1.amazonaws.com/fec_pictures/Log-Cabin-Homes-Stunning-Log-Cabin.jpg,37
,https://fec-photos-beartnt.s3-us-west-1.amazonaws.com/fec_pictures/Villa-Homes-Photos-by-Chris-web-2.jpg,20
,https://fec-photos-beartnt.s3-us-west-1.amazonaws.com/fec_pictures/fecc83ebe360dcf44233210ebf29f958.jpg,0
